Gen Number,Fitness
0,0.0003198976327575
1,0.0003198976327575
2,0.1165086103573303
3,0.4020579340831666
4,0.0367298486348469
5,0.0512281107629055
6,0.0003198976327575
7,0.2710060395109221
8,0.0003198976327575
9,0.062732697690011
10,0.1133586480731308
11,0.0418984408704514
12,0.932219370488126
13,0.1795411350268362
14,0.0182703034999958
15,0.0916557850760241
16,0.0003198976327575
17,0.3613610085600416
18,0.0293065262520469
19,0.0646158460892335
20,0.0778363140536583
21,0.0003198976327575
22,0.0332700415118281
23,0.0003198976327575
24,0.0307045084948095
25,0.1073440793985701
26,0.0003198976327575
27,0.0719216626327161
28,0.360383852490485
29,0.1402113993873326
30,0.1348038406984787
31,0.4460214218417313
32,0.1586564299424184
33,0.8132752640059967
34,0.1426991998606049
35,0.0003198976327575
36,0.0003198976327575
37,0.87058959299647
38,0.2165098376117336
39,0.0002768641416254
40,0.2022171742099582
41,0.8467245779805636
42,0.0003198976327575
43,0.851971797318053
44,0.0003198976327575
45,0.0926656976303808
46,0.0003198976327575
47,0.160739444501677
48,0.3893303331783938
49,0.2032359591142415
50,0.0728500044313035
51,0.2626660074041784
52,0.1344196307976893
53,0.1362750290160779
54,0.1838702213789054
55,0.5786237033393252
56,0.1568226256424395
57,0.1334007048667497
58,0.5847302238072367
59,0.3122842188143814
60,0.1840343772070404
61,0.09659628918746
62,0.3861849238922906
63,0.1710861668011026
64,0.921489301705126
65,0.1860865854459352
66,0.0253719695049678
67,0.0673273518082129
68,0.2016232384548567
69,0.9412651162948478
70,0.2199245234558692
71,0.2064900452010742
72,0.8611516314779271
73,0.7996447524686193
74,0.338960173518916
75,0.140105787298148
76,0.1396032927692232
77,0.4837951820075772
78,0.4484039304738544
79,0.1728257614558245
80,0.3664847804552208
81,0.8457965451055662
82,0.2363184161110575
83,0.2121719457834226
84,0.1678111811633855
85,0.0947140519543766
86,0.0358400048421936
87,0.1906244493451867
88,0.1333933673715283
89,0.2977688183717306
90,0.1959750884706032
91,0.2767567267616549
92,0.0616849095746507
93,0.0839750379802777
94,0.8161006954653913
95,0.1072662224272346
96,0.1128066092681562
97,0.1629727911181701
98,0.163597671107028
99,0.1515110781559736
100,0.1580793058396531
101,0.1615105539360495
102,0.0003198976327575
103,0.1777316885984537
104,0.2330264448662134
105,0.100304425326452
106,0.0003198976327575
107,0.1702680240361936
108,0.1790723304235823
109,0.0282824065699092
110,0.0292088635436751
111,0.2179234622577576
112,0.0003198976327575
113,0.1644871678331369
114,0.0925367136184096
115,0.1438742412539251
116,0.1085977198996277
117,0.0831825206423398
118,0.2994418500592949
119,0.110073766427493
120,0.2476658088838263
121,0.7607590236086093
122,0.1667283572220219
123,0.1923872352776635
124,0.0002417934620632
125,0.0937312945253494
126,0.0966474457967561
127,0.0312486945703523
128,0.1404004525100429
129,0.6759853702717634
130,0.0850497566847395
131,0.0003198976327575
132,0.0003198976327575
133,0.0002751709938211
134,0.1075990853516083
135,0.0608212048772156
136,0.0002796914848191
137,0.1799201234880937
138,0.1417447020158756
139,0.2119135414227073
140,0.8664766213228476
141,0.6101538078968937
142,0.9398961849038072
143,0.8907891410474527
144,0.0856818733579062
145,0.0782170682685361
146,0.088984497969776
147,0.099496930213689
148,0.1779706478198446
149,0.0163442663691827
150,0.1670007530135011
151,0.2209261365457982
152,0.0995003069389114
153,0.4461943788055109
154,0.7236091860295282
155,0.2370945482982946
156,0.1375792093696263
157,0.1999060009634101
158,0.3008713212342569
159,0.1082148743424893
160,0.1876756064641287
161,0.2854414312163776
162,0.9386086698270506
163,0.1380117207191126
164,0.1759676147984274
165,0.1214701504415955
166,0.4077382966881638
167,0.56170185540627
168,0.0003198976327575
169,0.4159915972441959
170,0.4983712433249233
171,0.9451366038487002
172,0.6582321932674883
173,0.8587130294540442
174,0.9431068516231532
175,0.6631045243546771
176,0.5776663209585695
177,0.8362900472195373
178,0.9059711026023092
179,0.7345286051593262
180,0.7357924733173181
181,0.904037210845138
182,0.8477518639936297
183,0.3361480326600886
184,0.4014988986341155
185,0.2176431817502784
186,0.0982218098714853
187,0.156946577444129
188,0.029636378877383
189,0.1092735852887253
190,0.5938366503480841
191,0.0123547216292508
192,0.2720112242335885
193,0.1498304497108959
194,0.4971420833458661
195,0.0003198976327575
196,0.4039178902904304
197,0.5899424100727496
198,0.0126270133845812
199,0.0189948270992975
200,0.4599321003294132
201,0.0003198976327575
202,0.0141068675519585
203,0.0693006003216388
204,0.1260980366740879
205,0.1458815705651207
206,0.1692508474094053
207,0.3202061835662853
208,0.1588067677123879
209,0.2743716753782873
210,0.6648639758296341
211,0.6149591740890561
212,0.4602279708532487
213,0.7217157777212171
214,0.0628980760123502
215,0.0108993834624168
216,0.9079106918287916
217,0.8944720669344368
218,0.8357223715493755
219,0.7130974147365033
220,0.4279136997386761
221,0.3391092382780742
222,0.6884416587423842
223,0.4837471799895116
224,0.5068398709947874
225,0.2909230969797172
226,0.7150081469435114
227,0.8740050940439535
228,0.6443221092236168
229,0.4101471623839436
230,0.7940513723060652
231,0.90419099440436
232,0.2023220598339161
233,0.9181556157265156
234,0.4414054253693101
235,0.7864396680238981
236,0.623462384226394
237,0.8830572749267649
238,0.1642069336012608
239,0.0296701447994365
240,0.7936657070283472
241,0.1403077687859173
242,0.5555557816405862
243,0.9431155420504416
244,0.6288770387564546
245,0.6443937701288616
246,0.4034200840879018
247,0.8521533872020747
248,0.2661426505626134
249,0.5316169707059191
250,0.4794514566377113
251,0.6652305709480975
252,0.8152989701354619
253,0.4228973278220015
254,0.1547780320015812
255,0.2296577105831448
256,0.7216942880850138
257,0.6522494839347008
258,0.9264944738585608
259,0.0968358581228727
260,0.3400435762400766
261,0.0156287943470149
262,0.2373669160944683
263,0.748338031679658
264,0.6009020986254772
265,0.6030924523284401
266,0.7185175697889031
267,0.2231876027963449
268,0.0003198976327575
269,0.0003198976327575
270,0.213773172050835
271,0.2320832739537273
272,0.5190735734558626
273,0.8888127921743696
274,0.93540555142822
275,0.1665698393404012
276,0.2718790364172876
277,0.2734771990160239
278,0.3287762589880008
279,0.5860198895434294
280,0.1059072260047667
281,0.842701773973386
282,0.4983685143197289
283,0.9456608657714562
284,0.9548437970785856
285,0.3993615303349249
286,0.2279357615301951
287,0.1598656062585549
288,0.7870371641399738
289,0.122579081363662
290,0.233339820210206
291,0.945044726294429
292,0.1575688261646455
293,0.150649533813694
294,0.726266528345541
295,0.255551258533854
296,0.1948176583493282
297,0.3221369161868202
298,0.1253870761356366
299,0.0003198976327575
300,0.0003198976327575
301,0.7012023772136777
302,0.6168839123442613
303,0.0003198976327575
304,0.0003198976327575
305,0.0271649623134906
306,0.0003198815039846
307,0.0003198976327575
308,0.0003198976327575
309,0.0003198976327575
310,0.4042885613651206
311,0.6718945296324217
312,0.0003198976327575
313,0.1016400981295436
314,0.0003198976327575
315,0.0539741453073092
316,0.2212900110785082
317,0.654683643569628
318,0.0570470819636383
319,0.6634288838499561
320,0.6338150337193277
321,0.2318851157525718
322,0.0321608593875562
323,0.1668149551350047
324,0.0703764764298349
325,0.3410702239966627
326,0.1927810962225768
327,0.0423667894707281
328,0.0179220129938077
329,0.0038219385502777
330,0.1297208584652349
331,0.3365835179006941
332,0.2567365808153665
333,0.074484955606373
334,0.1700489584043546
335,0.1690523911196408
336,0.14408406711176
337,0.2894333644941988
338,0.1662701170521861
339,0.1714744550289678
340,0.1688347375901956
341,0.1380417439152769
342,0.1800880971382961
343,0.0946033856037679
